"","age","V1"
"1","<1",1.30633228950537
"2","1-4",1.03628741025985
"3","5-9",1.10433870356908
"4","10-14",0.957499030415697
