"","age","V1"
"1","<1",2.09318996415771
"2","1-4",0.84088693957115
"3","5-9",1.53880208333333
"4","10-14",4.85963114754098
