pred,se,ci.lb,ci.ub,pi.lb,pi.ub,acat,iso3,prop,prop.lo,prop.hi,prop.lo2,prop.hi2
-1.22960437703149,0.183704294045406,-1.58965817716584,-0.869550576897135,-2.10007744648797,-0.359131307575003,<1,,0.226250676503977,0.16943199444656,0.295347826205518,0.109089294034959,0.411169868134645
-0.151834251654467,0.182226734026549,-0.508992087366862,0.205323584057929,-1.02111346184448,0.717444958535542,5-9,,0.462114192949188,0.375429833487544,0.551151320002157,0.264810568416963,0.672044131581427
