acat,hiv,I2
<1,HIV+,48.4973450015794
<1,HIV-,0
1-4,HIV+,0
1-4,HIV-,0
5-9,HIV+,0
5-9,HIV-,0
10-14,HIV+,3.84821468640974
10-14,HIV-,2.90694717804607e-13
