acat,lgOR,lgOR.sd,OR,OR.lo,OR.hi
<1,0.491827345186029,0.246029812958967,1.63530175211013,1.00965522560224,2.64863861706784
1-4,0.0564117272270019,0.197946878710208,1.05803321515214,0.717800104241525,1.5595348590093
5-9,-0.00962613875159501,0.256690175064951,0.990420044215358,0.598853142599212,1.63801739392399
10-14,-0.712891449368944,0.3582676505109,0.490224686367682,0.242902282931567,0.989370047180648
