pred,ci.lb,ci.ub,pi.lb,pi.ub
2.07058849935609,1.4537691568633,2.9491179623842,1.4537691568633,2.9491179623842
