pred,ci.lb,ci.ub,pi.lb,pi.ub
1.37349057641143,1.21649235120531,1.55075069861464,1.06377023830737,1.77338704877914
