acat,prog.mn,prog.sd,prog.lo,prog.hi
<1,0.135471393941995,0.0723372520126795,0.0416165604841007,0.316336919052468
1-4,0.035344127873151,0.0129288481833298,0.0164131693392155,0.0656295593003684
5-9,0.00957195337436828,0.00484444035830835,0.00335776598906168,0.0212315274786531
10-14,0.00380841949973523,0.00318807248711617,0.000690016811595459,0.0123699353760204
