acat,prog.mn,prog.sd,prog.lo,prog.hi
<1,0.144128653590226,0.0291888752182189,0.0951992939462765,0.20791481254848
1-4,0.0276841062417837,0.00433012382150924,0.020135111339187,0.0370423895028808
5-9,0.00502304168179485,0.00163080453156047,0.00256383105667845,0.00893820806375994
10-14,0.00135416493504339,0.000698369137193328,0.000463000839891212,0.00313514591214846
