type,region,mean_minc,sd_minc,mean_mnotes,sd_mnotes,mean_deaths,sd_deaths,mean_morbs,sd_morbs
global,global,24002.5610240389,3673.35608592041,12965.4455673003,1945.03778613251,16117.8958516418,2541.90673458116,5546.16103906114,904.230100176897
regional,AFR,10893.9138686229,1676.29942889367,4348.35987552818,657.607180835163,7944.00729565632,1242.84762157815,1861.26934058741,306.204431067839
regional,AMR,442.393161083138,67.5554368451068,243.972048068741,36.6787644979394,277.645723317155,43.6170209918674,104.3825147804,17.0592586718554
regional,EMR,3235.79196149746,497.768642105319,2096.02487717052,317.877342893371,1886.12354541025,301.683296808899,897.351362921819,148.091177755086
regional,EUR,293.193587592327,44.7511069638985,169.064188871214,25.112708068545,187.681039118027,29.5188612799086,72.1913096521855,11.6401832566079
regional,SEA,6926.17818449831,1052.57332357392,4920.06886613231,733.161601955739,4348.3756741656,699.933471311132,2102.9691161477,340.294364176107
regional,WPR,2211.09026074477,338.953707540924,1187.95571152933,177.6354159629,1474.06257397444,232.122417156378,507.997394971624,82.5213484055138
