acat,mean_incidence,sd_incidence,mean_deaths,sd_deaths,mean_morbs,sd_morbs
<1,8117.39205345369,1870.8692307168,5967.87804753608,1402.65579952141,1697.80304830401,425.829217031494
1-4,10656.6133473126,1982.90037605416,7413.83994026186,1396.06674699111,2247.41496302218,491.893043352286
5-9,3998.26388843611,891.517489901386,2110.78771986093,487.109319651715,1220.09744598762,306.487124074237
10-14,1230.2917348365,489.77292876546,625.390143982925,252.961264196816,380.845581747324,158.393790860025
