Region,QTY,HIV-infected,LO,HI
Africa,TBM incidence,1435.07015244197,1108.93668956098,1761.20361532296
Africa,TBM sequelae,245.632857672947,192.209344571852,299.056370774042
Africa,TBM deaths,986.663356033923,507.387581486454,1465.93913058139
