.,mid_inc,mid_mort,s_inc,s_mort,mid_surv,s_surv,surv_text
.,24002.5610240389,16117.8958516418,857.890249480051,615.749835898163,7884.66517239713,1055.9941006282,7 880 (5 810 to 9 950)
